track_name,track_id,album_name,artist_name,date_added,track_url,track_duration,album_id,artist_id
Last Night,7K3BhSpAxZBznislvUMVtn,One Thing At A Time,Morgan Wallen,2023-06-23 04:27:04+00:00,https://open.spotify.com/track/7K3BhSpAxZBznislvUMVtn,163854,6i7mF7whyRJuLJ4ogbH2wh,4oUHIQIBe0LHzYfvXNW4QM
Flowers,0yLdNVWF3Srea0uzk55zFn,Flowers,Miley Cyrus,2023-06-23 04:27:04+00:00,https://open.spotify.com/track/0yLdNVWF3Srea0uzk55zFn,200454,7I0tjwFtxUwBC1vgyeMAax,5YGY8feqx7naU7z4HrwZM6
Fast Car,1Lo0QY9cvc8sUB2vnIOxDT,Gettin' Old,Luke Combs,2023-06-23 04:27:04+00:00,https://open.spotify.com/track/1Lo0QY9cvc8sUB2vnIOxDT,265493,5Uly85dJHHDfHQCsyUQ8gw,718COspgdWOnwOFpJHRZHS
Calm Down (with Selena Gomez),0WtM2NBVQNNJLh6scP13H8,Calm Down (with Selena Gomez),Rema,2023-06-23 04:27:04+00:00,https://open.spotify.com/track/0WtM2NBVQNNJLh6scP13H8,239317,2b2GHWESCWEuHiCZ2Skedp,46pWGuE3dSwY3bMMXGBvVS
All My Life (feat. J. Cole),6HgWWaMu31KdOpEG5l28BG,All My Life (feat. J. Cole),Lil Durk,2023-06-23 04:27:04+00:00,https://open.spotify.com/track/6HgWWaMu31KdOpEG5l28BG,223878,0lZQagJ5r0crB35zphSD4A,3hcs9uc56yIGFCSy9leWe7
Favorite Song,1SRw5p2lVAi7RGlHEmZg66,Favorite Song,Toosii,2023-06-23 04:27:04+00:00,https://open.spotify.com/track/1SRw5p2lVAi7RGlHEmZg66,208630,4XiUZULpVS6gTgKKU7KTX5,6BH1xcDkwbbyrLMUKECsW1
Kill Bill,3OHfY25tqY28d16oZczHc8,SOS,SZA,2023-06-23 04:27:04+00:00,https://open.spotify.com/track/3OHfY25tqY28d16oZczHc8,153946,07w0rG5TETcyihsEIZR3qG,7tYKF4w9nC0nq9CsPZTHyP
Creepin' (with The Weeknd & 21 Savage),2dHHgzDwk4BJdRwy9uXhTO,HEROES & VILLAINS,Metro Boomin,2023-06-23 04:27:04+00:00,https://open.spotify.com/track/2dHHgzDwk4BJdRwy9uXhTO,221520,7txGsnDSqVMoRl6RQ9XyZP,0iEtIxbK0KxaSlF7G42ZOp
Karma (feat. Ice Spice),4i6cwNY6oIUU2XZxPIw82Y,Midnights (The Til Dawn Edition),Taylor Swift,2023-06-23 04:27:04+00:00,https://open.spotify.com/track/4i6cwNY6oIUU2XZxPIw82Y,201493,1fnJ7k0bllNfL1kVdNVW1A,06HL4z0CvFAxyc27GXpf02
Ella Baila Sola,3dnP0JxCgygwQH9Gm7q7nb,Ella Baila Sola,Eslabon Armado,2023-06-23 04:27:04+00:00,https://open.spotify.com/track/3dnP0JxCgygwQH9Gm7q7nb,165671,3Mm1P5CEEAiuJqBclr2EyU,0XeEobZplHxzM9QzFQWLiR
Sure Thing,0JXXNGljqupsJaZsgSbMZV,All I Want Is You,Miguel,2023-06-23 04:27:04+00:00,https://open.spotify.com/track/0JXXNGljqupsJaZsgSbMZV,195373,493HYe7N5pleudEZRyhE7R,360IAlyVv4PCEVjgyMZrxK
Anti-Hero,02Zkkf2zMkwRGQjZ7T4p8f,Midnights (3am Edition),Taylor Swift,2023-06-23 04:27:04+00:00,https://open.spotify.com/track/02Zkkf2zMkwRGQjZ7T4p8f,200690,3lS1y25WAhcqJDATJK70Mq,06HL4z0CvFAxyc27GXpf02
Die For You - Remix,7oDd86yk8itslrA9HRP2ki,Die For You (Remix),The Weeknd,2023-06-23 04:27:04+00:00,https://open.spotify.com/track/7oDd86yk8itslrA9HRP2ki,232857,6Exo0MYoL3XammoTDeihFy,1Xyo4u8uXC1ZmMpatF05PJ
Something in the Orange,3WMj8moIAXJhHsyLaqIIHI,Something in the Orange,Zach Bryan,2023-06-23 04:27:04+00:00,https://open.spotify.com/track/3WMj8moIAXJhHsyLaqIIHI,228013,1CmTOKCeyz1aHH04OwvTPv,40ZNYROS4zLfyyBSs2PGe2
Snooze,4iZ4pt7kvcaH6Yo8UoZ4s2,SOS,SZA,2023-06-23 04:27:04+00:00,https://open.spotify.com/track/4iZ4pt7kvcaH6Yo8UoZ4s2,201800,07w0rG5TETcyihsEIZR3qG,7tYKF4w9nC0nq9CsPZTHyP
La Bebe - Remix,2UW7JaomAMuX9pZrjVpHAU,La Bebe (Remix),Yng Lvcas,2023-06-23 04:27:04+00:00,https://open.spotify.com/track/2UW7JaomAMuX9pZrjVpHAU,234352,6aBVGuOUEuX18rHxyDWbti,1NNRWkhwmcXRimFYSBpB1y
WHERE SHE GOES,7ro0hRteUMfnOioTFI5TG1,WHERE SHE GOES,Bad Bunny,2023-06-23 04:27:04+00:00,https://open.spotify.com/track/7ro0hRteUMfnOioTFI5TG1,231704,5gCcb5fsSb6w5K8SyJrgtB,4q3ewBCX7sLwd24euuV69X
un x100to,6pD0ufEQq0xdHSsRbg9LBK,un x100to,Grupo Frontera,2023-06-23 04:27:04+00:00,https://open.spotify.com/track/6pD0ufEQq0xdHSsRbg9LBK,194563,7aGzSSUD8S6IhPCsZSiuMT,6XkjpgcEsYab502Vr1bBeW
Need A Favor,5jUOG0aeAofL5u3UWyrtDO,Need A Favor,Jelly Roll,2023-06-23 04:27:04+00:00,https://open.spotify.com/track/5jUOG0aeAofL5u3UWyrtDO,197400,72HQoHvsJTqQaCh3tKyVrd,19k8AgwwTSxeaxkOuCQEJs
Search & Rescue,7aRCf5cLOFN1U7kvtChY1G,Search & Rescue,Drake,2023-06-23 04:27:04+00:00,https://open.spotify.com/track/7aRCf5cLOFN1U7kvtChY1G,272112,67WUCOjyl44d8fAFzHONjW,3TVXtAsR1Inumwj472S9r4
You Proof,5uU1uuyaUIBOiiUSQG7Wl3,You Proof,Morgan Wallen,2023-06-23 04:27:04+00:00,https://open.spotify.com/track/5uU1uuyaUIBOiiUSQG7Wl3,157477,2ORO3nNnFXxsvz9Pcd9RdI,4oUHIQIBe0LHzYfvXNW4QM
Thinkin’ Bout Me,0PAcdVzhPO4gq1Iym9ESnK,One Thing At A Time,Morgan Wallen,2023-06-23 04:27:04+00:00,https://open.spotify.com/track/0PAcdVzhPO4gq1Iym9ESnK,177387,6i7mF7whyRJuLJ4ogbH2wh,4oUHIQIBe0LHzYfvXNW4QM
Chemical,5w40ZYhbBMAlHYNDaVJIUu,Chemical,Post Malone,2023-06-23 04:27:04+00:00,https://open.spotify.com/track/5w40ZYhbBMAlHYNDaVJIUu,184013,7qcSUc5Af63mhfTF60KTEA,246dkjvS1zLTtiykXe5h60
Cupid,4dKa5ZzlGqUy3Wo0yaXKNI,The Beginning: Cupid,FIFTY FIFTY,2023-06-23 04:27:04+00:00,https://open.spotify.com/track/4dKa5ZzlGqUy3Wo0yaXKNI,174253,1ZXXEGGhHYgOEzYUjP6bPR,4GJ6xDCF5jaUqD6avOuQT6
Rock and A Hard Place,4686eQ81DEswHa90bcdlC9,Rock and A Hard Place,Bailey Zimmerman,2023-06-23 04:27:04+00:00,https://open.spotify.com/track/4686eQ81DEswHa90bcdlC9,207540,7Gqqhy2ohX3puChylfkvT0,3win9vGIxFfBRag9S63wwf
Eyes Closed,07bsRv0pcpbG4zJeLsUs1p,Eyes Closed,Ed Sheeran,2023-06-23 04:27:04+00:00,https://open.spotify.com/track/07bsRv0pcpbG4zJeLsUs1p,194848,43qfLpwe6sEOEqxVmOHRu0,6eUKZXaKkcviH0Ku9w2n3V
Boy's a Liar Pt. 2,6AQbmUe0Qwf5PZnt4HmTXv,Boy's a liar Pt. 2,PinkPantheress,2023-06-23 04:27:04+00:00,https://open.spotify.com/track/6AQbmUe0Qwf5PZnt4HmTXv,131013,6cVfHBcp3AdpYY0bBglkLN,78rUTD7y6Cy67W1RVzYs7t
Next Thing You Know,2lNTHWu2I5Tcz9ukWsV5Jj,Next Thing You Know,Jordan Davis,2023-06-23 04:27:04+00:00,https://open.spotify.com/track/2lNTHWu2I5Tcz9ukWsV5Jj,175237,7Joe4M8FRFyVxmKUSndVqp,77kULmXAQ6vWer7IIHdGzI
Put It On Da Floor Again (feat. Cardi B),6c6WmIHcHlhccEwSFBhzNa,Put It On Da Floor Again (feat. Cardi B),Latto,2023-06-23 04:27:04+00:00,https://open.spotify.com/track/6c6WmIHcHlhccEwSFBhzNa,185748,4A43tzEN3jILvseI1HeXGG,3MdXrJWsbVzdn6fe5JYkSQ
Thought You Should Know,6NHpyYvJyQsg2nXXzGYc2R,Thought You Should Know,Morgan Wallen,2023-06-23 04:27:04+00:00,https://open.spotify.com/track/6NHpyYvJyQsg2nXXzGYc2R,215571,4kbT7O8zsXUw8CZvhBR46i,4oUHIQIBe0LHzYfvXNW4QM
I'm Good (Blue),4uUG5RXrOk84mYEfFvj3cK,I'm Good (Blue),David Guetta,2023-06-23 04:27:04+00:00,https://open.spotify.com/track/4uUG5RXrOk84mYEfFvj3cK,175238,7M842DMhYVALrXsw3ty7B3,1Cs0zKBU1kc0i8ypK3B9ai
Dance The Night (From Barbie The Album),1vYXt7VSjH9JIM5oRRo7vA,Dance The Night (From Barbie The Album),Dua Lipa,2023-06-23 04:27:04+00:00,https://open.spotify.com/track/1vYXt7VSjH9JIM5oRRo7vA,176579,5cH7FqB7JD5q1tJXJ7FHYu,6M2wZ9GZgrQXHCFfjv46we
Area Codes,7sliFe6W30tPBPh6dvZsIH,Area Codes,Kaliii,2023-06-23 04:27:04+00:00,https://open.spotify.com/track/7sliFe6W30tPBPh6dvZsIH,139325,6uk3hBYbrMsSzufADPjv9K,1YRqgFNXqRyMDRr8ClS1NL
Dancin’ In The Country,6Z1bV93BP95h4YjIavrQPf,Dancin' In The Country,Tyler Hubbard,2023-06-23 04:27:04+00:00,https://open.spotify.com/track/6Z1bV93BP95h4YjIavrQPf,179645,5Sb6flBcIYmm5gTGwOVMbn,3BEV5FcxOtkQJ7lLRKMh3V
One Thing At A Time,1rXq0uoV4KTgRN64jXzIxo,One Thing At A Time,Morgan Wallen,2023-06-23 04:27:04+00:00,https://open.spotify.com/track/1rXq0uoV4KTgRN64jXzIxo,206864,6i7mF7whyRJuLJ4ogbH2wh,4oUHIQIBe0LHzYfvXNW4QM
Memory Lane,5kB6WithhB8Iv08EMNmAbt,Memory Lane,Old Dominion,2023-06-23 04:27:04+00:00,https://open.spotify.com/track/5kB6WithhB8Iv08EMNmAbt,172480,4Ih4ml34xMRc32OwssN9yw,6y8XlgIV8BLlIg1tT1R10i
"Peso Pluma: Bzrp Music Sessions, Vol. 55",5AqiaZwhmC6dIbgWrD5SzV,"Peso Pluma: Bzrp Music Sessions, Vol. 55",Bizarrap,2023-06-23 04:27:04+00:00,https://open.spotify.com/track/5AqiaZwhmC6dIbgWrD5SzV,188361,5dKPhEYBhP8j85HcxQfaw6,716NhGYqD1jl2wI1Qkgq36
Tennessee Orange,3fl4zil6HJ0N1FL3YIRwdC,Tennessee Orange,Megan Moroney,2023-06-23 04:27:04+00:00,https://open.spotify.com/track/3fl4zil6HJ0N1FL3YIRwdC,223119,1cdfMISICAlFDByLA2PYe3,5Ppie0uPnbnvGBYRwYmlt0
Cruel Summer,1BxfuPKGuaTgP7aM0Bbdwr,Lover,Taylor Swift,2023-06-23 04:27:04+00:00,https://open.spotify.com/track/1BxfuPKGuaTgP7aM0Bbdwr,178426,1NAmidJlEaVgA3MpcPFYGq,06HL4z0CvFAxyc27GXpf02
TQM,368eeEO3Y2uZUQ6S5oIjcu,TQM,Fuerza Regida,2023-06-23 04:27:04+00:00,https://open.spotify.com/track/368eeEO3Y2uZUQ6S5oIjcu,158965,3GqCt85yKxtKxnIivSN15e,0ys2OFYzWYB5hRDLCsBqxt
Stand By Me (feat. Morgan Wallen),1fXnu2HzxbDtoyvFPWG3Bw,Almost Healed,Lil Durk,2023-06-23 04:27:04+00:00,https://open.spotify.com/track/1fXnu2HzxbDtoyvFPWG3Bw,219173,6ciIG1XKTlVIn0Yl8rvsce,3hcs9uc56yIGFCSy9leWe7
Religiously,0ec7EBr0mjWO6J7TRr09bN,Religiously,Bailey Zimmerman,2023-06-23 04:27:04+00:00,https://open.spotify.com/track/0ec7EBr0mjWO6J7TRr09bN,178723,5M1xyJCeOsknHsg8k3yOxI,3win9vGIxFfBRag9S63wwf
Dial Drunk,0caJ2wkqp4UmXBwdR2JvB5,Stick Season (We'll All Be Here Forever),Noah Kahan,2023-06-23 04:27:04+00:00,https://open.spotify.com/track/0caJ2wkqp4UmXBwdR2JvB5,213817,1pb3je8gXTs5dpRRTKhHRC,2RQXRUsr4IW1f3mKyKsy4B
Under The Influence,5IgjP7X4th6nMNDh4akUHb,Indigo (Extended),Chris Brown,2023-06-23 04:27:04+00:00,https://open.spotify.com/track/5IgjP7X4th6nMNDh4akUHb,184613,3okhA6w5uau6ZNhnVpwVww,7bXgB6jMjp9ATFy66eO08Z
Players,6UN73IYd0hZxLi8wFPMQij,Players,Coi Leray,2023-06-23 04:27:04+00:00,https://open.spotify.com/track/6UN73IYd0hZxLi8wFPMQij,139560,4cAAsw7mPkGt15GXQzWlrM,6AMd49uBDJfhf30Ak2QR5s
"Calling (Spider-Man: Across the Spider-Verse) (Metro Boomin & Swae Lee, NAV, feat. A Boogie Wit da Hoodie)",5rurggqwwudn9clMdcchxT,METRO BOOMIN PRESENTS SPIDER-MAN: ACROSS THE SPIDER-VERSE (SOUNDTRACK FROM AND INSPIRED BY THE MOTION PICTURE),Metro Boomin,2023-06-23 04:27:04+00:00,https://open.spotify.com/track/5rurggqwwudn9clMdcchxT,219453,1bwbZJ6khPJyVpOaqgKsoZ,0iEtIxbK0KxaSlF7G42ZOp
"Annihilate (Spider-Man: Across the Spider-Verse) (Metro Boomin & Swae Lee, Lil Wayne, Offset)",39MK3d3fonIP8Mz9oHCTBB,METRO BOOMIN PRESENTS SPIDER-MAN: ACROSS THE SPIDER-VERSE (SOUNDTRACK FROM AND INSPIRED BY THE MOTION PICTURE),Metro Boomin,2023-06-23 04:27:04+00:00,https://open.spotify.com/track/39MK3d3fonIP8Mz9oHCTBB,231746,1bwbZJ6khPJyVpOaqgKsoZ,0iEtIxbK0KxaSlF7G42ZOp
Take Two,5IAESfJjmOYu7cHyX557kz,Take Two,BTS,2023-06-23 04:27:04+00:00,https://open.spotify.com/track/5IAESfJjmOYu7cHyX557kz,229953,3jeQDa9OFZ6GndLindHx3k,3Nrfpe0tUJi4K4DXYWgMUX
Love You Anyway,3qXsX3mYSsD1DmAvc3PE3N,Love You Anyway,Luke Combs,2023-06-23 04:27:04+00:00,https://open.spotify.com/track/3qXsX3mYSsD1DmAvc3PE3N,229626,4ettM87GR2TdBLDTTBdfeF,718COspgdWOnwOFpJHRZHS
Thank God,1brnLTvarI9D1hLP6z2Ar8,Different Man,Kane Brown,2023-06-23 04:27:04+00:00,https://open.spotify.com/track/1brnLTvarI9D1hLP6z2Ar8,174560,7dfTBn7wtgKEchVmyipBl1,3oSJ7TBVCWMDMiYjXNiCKE
"Am I Dreaming (Metro Boomin & A$AP Rocky, Roisee)",6Ec5LeRzkisa5KJtwLfOoW,METRO BOOMIN PRESENTS SPIDER-MAN: ACROSS THE SPIDER-VERSE (SOUNDTRACK FROM AND INSPIRED BY THE MOTION PICTURE),Metro Boomin,2023-06-23 04:27:04+00:00,https://open.spotify.com/track/6Ec5LeRzkisa5KJtwLfOoW,256026,1bwbZJ6khPJyVpOaqgKsoZ,0iEtIxbK0KxaSlF7G42ZOp
Princess Diana (with Nicki Minaj),0ZxhtATQ0a6EvQNZ0z6NKV,Princess Diana (with Nicki Minaj),Ice Spice,2023-06-23 04:27:04+00:00,https://open.spotify.com/track/0ZxhtATQ0a6EvQNZ0z6NKV,172125,2Q7WBQ794rA9ISPLfqdKjK,3LZZPxNDGDFVSIPqf4JuEf
Bye,6n2P81rPk2RTzwnNNgFOdb,Bye,Peso Pluma,2023-06-23 04:27:04+00:00,https://open.spotify.com/track/6n2P81rPk2RTzwnNNgFOdb,212976,5mRzjZUa5VfaveaPtPqJBB,12GqGscKJx3aE4t07u7eVZ
Self Love (Spider-Man: Across the Spider-Verse) (Metro Boomin & Coi Leray),0AAMnNeIc6CdnfNU85GwCH,METRO BOOMIN PRESENTS SPIDER-MAN: ACROSS THE SPIDER-VERSE (SOUNDTRACK FROM AND INSPIRED BY THE MOTION PICTURE),Metro Boomin,2023-06-23 04:27:04+00:00,https://open.spotify.com/track/0AAMnNeIc6CdnfNU85GwCH,189466,1bwbZJ6khPJyVpOaqgKsoZ,0iEtIxbK0KxaSlF7G42ZOp
It Matters To Her,4aSRUXfKuBbmje0eXNukuL,Same Truck,Scotty McCreery,2023-06-23 04:27:04+00:00,https://open.spotify.com/track/4aSRUXfKuBbmje0eXNukuL,171880,0R9QjGSDl6EX4yWu3Rr1eU,6ZV6lGY0prbqpTD0Md8i29
Daylight,1odExI7RdWc4BT515LTAwj,Daylight,David Kushner,2023-06-23 04:27:04+00:00,https://open.spotify.com/track/1odExI7RdWc4BT515LTAwj,212953,6NcI39WPu4kY6Tul11nhSv,33NVpKoXjItPwUJTMZIOiY
PRC,2mpoNBkngUEwnaKoBhZ0vl,PRC,Peso Pluma,2023-06-23 04:27:04+00:00,https://open.spotify.com/track/2mpoNBkngUEwnaKoBhZ0vl,184066,2OXBosbXT7Qs3J6vBd6IkI,12GqGscKJx3aE4t07u7eVZ
Por las Noches,2VzCjpKvPB1l1tqLndtAQa,Por las Noches,Peso Pluma,2023-06-23 04:27:04+00:00,https://open.spotify.com/track/2VzCjpKvPB1l1tqLndtAQa,239845,6USJaTtVIy0YH5hhzOWVHe,12GqGscKJx3aE4t07u7eVZ
Mourning,0gWrMbx6pbdH3n3nsLjE55,Mourning,Post Malone,2023-06-23 04:27:04+00:00,https://open.spotify.com/track/0gWrMbx6pbdH3n3nsLjE55,147819,5mr7Zd2DiuChyMNQ5x76HX,246dkjvS1zLTtiykXe5h60
What It Is (Block Boy) (with Kodak Black),1O8zCu3dLLPxkbGfIsbRgE,What It Is (Block Boy) (with Kodak Black),Doechii,2023-06-23 04:27:04+00:00,https://open.spotify.com/track/1O8zCu3dLLPxkbGfIsbRgE,223343,1O9xrX782LqLx4Z60528Ih,4E2rKHVDssGJm2SCDOMMJB
See You Again (feat. Kali Uchis),7KA4W4McWYRpgf0fWsJZWB,Flower Boy,"Tyler, The Creator",2023-06-23 04:27:04+00:00,https://open.spotify.com/track/7KA4W4McWYRpgf0fWsJZWB,180386,2nkto6YNI4rUYTLqEwWJ3o,4V8LLVI7PbaPR0K2TGSxFF
TQG,2oMjKuKUEJFuLiVmTq7Vjx,TQG,KAROL G,2023-06-23 04:27:04+00:00,https://open.spotify.com/track/2oMjKuKUEJFuLiVmTq7Vjx,198360,5f4P1wEFrcMyJKahHfLaoa,790FomKkXshlbRYZFtlgla
El Azul,1haJsMtoBhHfvuM7XWuT3W,El Azul,Junior H,2023-06-23 04:27:04+00:00,https://open.spotify.com/track/1haJsMtoBhHfvuM7XWuT3W,187225,2szyIt0ulaHnKxxyrlUCDB,7Gi6gjaWy3DxyilpF1a8Is
Bury Me in Georgia,4EKH0ajMHXTkq4ztWuztVH,Different Man,Kane Brown,2023-06-23 04:27:04+00:00,https://open.spotify.com/track/4EKH0ajMHXTkq4ztWuztVH,242306,7dfTBn7wtgKEchVmyipBl1,3oSJ7TBVCWMDMiYjXNiCKE
Waffle House,5iE3eUH2WGCXcE2xr6DEmU,Waffle House,Jonas Brothers,2023-06-23 04:27:04+00:00,https://open.spotify.com/track/5iE3eUH2WGCXcE2xr6DEmU,145440,7lWGbTl1g2VxxWg9fDvF99,7gOdHgIoIKoe4i9Tta6qdD
"You, Me, And Whiskey",2BLlpdGCv0IErmH3OBGHYJ,"You, Me, And Whiskey",Justin Moore,2023-06-23 04:27:04+00:00,https://open.spotify.com/track/2BLlpdGCv0IErmH3OBGHYJ,187941,14xRuIiVBnjo0jNzIqnQbQ,30e8DmahrEamvLbFRPdWmk
Your Heart Or Mine,7ETjhPaIU4UmHOiimJBZz9,Mr. Saturday Night,Jon Pardi,2023-06-23 04:27:04+00:00,https://open.spotify.com/track/7ETjhPaIU4UmHOiimJBZz9,161200,2QriWWJQt8g8XXoC1ATDPa,4MoAOfV4ROWofLG3a3hhBN
PLEBADA,7uSLF2yhpjLlYBLtyPX3Lb,PLEBADA,El Alfa,2023-06-23 04:27:04+00:00,https://open.spotify.com/track/7uSLF2yhpjLlYBLtyPX3Lb,221739,61FGBfOI8At3VCHFjqhWR2,2oQX8QiMXOyuqbcZEFsZfm
Cowgirls (feat. ERNEST),7fveJ3pk1eSfxBdVkzdXZ0,One Thing At A Time,Morgan Wallen,2023-06-23 04:27:04+00:00,https://open.spotify.com/track/7fveJ3pk1eSfxBdVkzdXZ0,181621,6i7mF7whyRJuLJ4ogbH2wh,4oUHIQIBe0LHzYfvXNW4QM
ICU,58cMDjQSUdWJUgFmHxRhjt,What I Didn't Tell You,Coco Jones,2023-06-23 04:27:04+00:00,https://open.spotify.com/track/58cMDjQSUdWJUgFmHxRhjt,241624,0ZXTkMwilEQdz3KHe0dEPA,4DHLoiIqFYYFjH09WduvFd
Baby Don't Hurt Me,3BKD1PwArikchz2Zrlp1qi,Baby Don't Hurt Me,David Guetta,2023-06-23 04:27:04+00:00,https://open.spotify.com/track/3BKD1PwArikchz2Zrlp1qi,140017,327tc3Eruk1HP1w62iqROy,1Cs0zKBU1kc0i8ypK3B9ai
Popular (with Playboi Carti & Madonna) - The Idol Vol. 1 (Music from the HBO Original Series),5xP9lQYA8YQmQh6BOxcAnR,Popular [The Idol Vol. 1 (Music from the HBO Original Series)],The Weeknd,2023-06-23 04:27:04+00:00,https://open.spotify.com/track/5xP9lQYA8YQmQh6BOxcAnR,215466,2i0fbrz2Fb19AVpq7vWrfm,1Xyo4u8uXC1ZmMpatF05PJ
SLUT ME OUT,5BmB3OaQyYXCqRyN8iR2Yi,SLUT ME OUT,NLE Choppa,2023-06-23 04:27:04+00:00,https://open.spotify.com/track/5BmB3OaQyYXCqRyN8iR2Yi,123672,48868AJJd7JVl1IVmaBsaQ,0ErzCpIMyLcjPiwT4elrtZ
Peaches & Eggplants (feat. 21 Savage),1KUZ33cOqk3X4Ezk0aZnVp,Peaches & Eggplants (feat. 21 Savage),Young Nudy,2023-06-23 04:27:04+00:00,https://open.spotify.com/track/1KUZ33cOqk3X4Ezk0aZnVp,203813,6Hj61lLEt0UxscLniz6h74,5yPzzu25VzEk8qrGTLIrE1
AMERICA HAS A PROBLEM (feat. Kendrick Lamar),6l8mgVN9Xf1hiDIFGA6CTE,AMERICA HAS A PROBLEM (feat. Kendrick Lamar),Beyoncé,2023-06-23 04:27:04+00:00,https://open.spotify.com/track/6l8mgVN9Xf1hiDIFGA6CTE,260962,2x4aShbWkdZ1h8sfO23yZN,6vWDO969PvNqNYHIOW5v0m
Fight The Feeling,7l6nGz4gp6HGs5Cvmdeqe4,Fight The Feeling,Rod Wave,2023-06-23 04:27:04+00:00,https://open.spotify.com/track/7l6nGz4gp6HGs5Cvmdeqe4,160714,59tAwDdjCaaS05aoSHuqv0,45TgXXqMDdF8BkjA83OM7z
Ain’t That Some,2YVlDlk2zRceefo6XlC6DX,One Thing At A Time,Morgan Wallen,2023-06-23 04:27:04+00:00,https://open.spotify.com/track/2YVlDlk2zRceefo6XlC6DX,158003,6i7mF7whyRJuLJ4ogbH2wh,4oUHIQIBe0LHzYfvXNW4QM
SHAKE SUMN,3FhZPYvMGSjFc6boVYKlCv,CALL DA FIREMAN,DaBaby,2023-06-23 04:27:04+00:00,https://open.spotify.com/track/3FhZPYvMGSjFc6boVYKlCv,124805,3oDobVNZ3U9BpxOdokk0fL,4r63FhuTkUYltbVAg5TQnk
Chanel,5RcxRGvmYai7kpFSfxe5GY,Chanel,Becky G,2023-06-23 04:27:04+00:00,https://open.spotify.com/track/5RcxRGvmYai7kpFSfxe5GY,201993,4cd4QB02mwPtiTOJBzQmWo,4obzFoKoKRHIphyHzJ35G3
People,26b3oVLrRUaaybJulow9kz,People,Libianca,2023-06-23 04:27:04+00:00,https://open.spotify.com/track/26b3oVLrRUaaybJulow9kz,184791,5Hmh6N8oisrcuZKa8EY5dn,7kjSuFGKhLm8b5qXoMhRkJ
bread & butter,6GoVUO5vla1JtUj2rq9Yl4,bread & butter,Gunna,2023-06-23 04:27:04+00:00,https://open.spotify.com/track/6GoVUO5vla1JtUj2rq9Yl4,226360,332Rucu5r475vGx2bntaPb,2hlmm7s2ICUX0LVIhVFlZQ
TRUSTFALL,4FWbsd91QSvgr1dSWwW51e,TRUSTFALL,P!nk,2023-06-23 04:27:04+00:00,https://open.spotify.com/track/4FWbsd91QSvgr1dSWwW51e,237200,0JlRRM2KKOzLKzgn9etoXt,1KCSPY1glIKqW2TotWuXOR
Frágil,4JdSXF2p71cr8uCY3UiJM0,Frágil,Yahritza Y Su Esencia,2023-06-23 04:27:04+00:00,https://open.spotify.com/track/4JdSXF2p71cr8uCY3UiJM0,160517,6iZUwDpa27jeAvKxs8UYI2,51ZSh80McCt7vbqHouzW0A
Hits Different,3xYJScVfxByb61dYHTwiby,Midnights (The Til Dawn Edition),Taylor Swift,2023-06-23 04:27:04+00:00,https://open.spotify.com/track/3xYJScVfxByb61dYHTwiby,234466,1fnJ7k0bllNfL1kVdNVW1A,06HL4z0CvFAxyc27GXpf02
Jaded,3AAY8YicetRPlDAkibHLiS,Endless Summer Vacation,Miley Cyrus,2023-06-23 04:27:04+00:00,https://open.spotify.com/track/3AAY8YicetRPlDAkibHLiS,185933,0HiZ8fNXwJOQcrf5iflrdz,5YGY8feqx7naU7z4HrwZM6
Pound Town 2 (feat. Nicki Minaj & Tay Keith),6IEXjer2qbXhRLFv99NQQv,Pound Town 2 (feat. Nicki Minaj & Tay Keith),Sexyy Red,2023-06-23 04:27:04+00:00,https://open.spotify.com/track/6IEXjer2qbXhRLFv99NQQv,194047,7GfHTwHGoDzOEDInYlnR25,3DbwFQlvLxRSi2uX8mf81A
Low Down,5m0yZ33oOy0yYBtdTXuxQe,My Turn (Deluxe),Lil Baby,2023-06-23 04:27:04+00:00,https://open.spotify.com/track/5m0yZ33oOy0yYBtdTXuxQe,144651,6uhEg4ASZYLIilZFCBFy1r,5f7VJjfbwm532GiveGC0ZK
Ocean Spray,6dNOefmb6Lgl5vNtJsSajt,Hard To Love,Moneybagg Yo,2023-06-23 04:27:04+00:00,https://open.spotify.com/track/6dNOefmb6Lgl5vNtJsSajt,164776,12QMwxaBwtZWp7BKBwzaol,3tJoFztHeIJkJWMrx0td2f
TRUCK BED,73NzYbpaYvQ7JfpjztFESL,TRUCK BED,HARDY,2023-06-23 04:27:04+00:00,https://open.spotify.com/track/73NzYbpaYvQ7JfpjztFESL,167534,1boiPTdVLFiJQIhcH3dWVq,5QNm7E7RU2m64l6Gliu8Oy
Moonlight,2i2gDpKKWjvnRTOZRhaPh2,Moonlight,Kali Uchis,2023-06-23 04:27:04+00:00,https://open.spotify.com/track/2i2gDpKKWjvnRTOZRhaPh2,187557,1y8Yw0NDcP2qxbZufIXt7u,1U1el3k54VvEUzo3ybLPlM
Trance (with Travis Scott & Young Thug),5wG3HvLhF6Y5KTGlK0IW3J,HEROES & VILLAINS,Metro Boomin,2023-06-23 04:27:04+00:00,https://open.spotify.com/track/5wG3HvLhF6Y5KTGlK0IW3J,194786,7txGsnDSqVMoRl6RQ9XyZP,0iEtIxbK0KxaSlF7G42ZOp
"All The Way Live (Spider-Man: Across the Spider-Verse) (Metro Boomin & Future, Lil Uzi Vert)",0B6g379TMw0nYGXA7y5xHz,METRO BOOMIN PRESENTS SPIDER-MAN: ACROSS THE SPIDER-VERSE (SOUNDTRACK FROM AND INSPIRED BY THE MOTION PICTURE),Metro Boomin,2023-06-23 04:27:04+00:00,https://open.spotify.com/track/0B6g379TMw0nYGXA7y5xHz,245240,1bwbZJ6khPJyVpOaqgKsoZ,0iEtIxbK0KxaSlF7G42ZOp
The Hillbillies,1h6w4POXM2LfG4ZD4xUfZQ,The Hillbillies,Baby Keem,2023-06-23 04:27:04+00:00,https://open.spotify.com/track/1h6w4POXM2LfG4ZD4xUfZQ,204800,6ltyScGRzS0Z2TI1VD5dns,5SXuuuRpukkTvsLuUknva1
El Gordo Trae El Mando,3kf0WdFOalKWBkCCLJo4mA,El Gordo Trae El Mando,Chino Pacas,2023-06-23 04:27:04+00:00,https://open.spotify.com/track/3kf0WdFOalKWBkCCLJo4mA,112087,0DqHNI5QhosQmpQ5Ojzqe6,2rmkQLzj0k4nZdQehOUByO
Too Many Nights (feat. Don Toliver & with Future),2Hh3ETdQKrmSI3QS0hme7g,HEROES & VILLAINS,Metro Boomin,2023-06-23 04:27:04+00:00,https://open.spotify.com/track/2Hh3ETdQKrmSI3QS0hme7g,199920,7txGsnDSqVMoRl6RQ9XyZP,0iEtIxbK0KxaSlF7G42ZOp
Save Me,1rnYNAJPAb586NhetosdNW,Self Medicated,Jelly Roll,2023-06-23 04:27:04+00:00,https://open.spotify.com/track/1rnYNAJPAb586NhetosdNW,240722,5LtYMFZoC0elRSipbMV5sw,19k8AgwwTSxeaxkOuCQEJs
Yandel 150,2oiixB9QMIzhWaHGVlQx4g,Yandel 150,Yandel,2023-06-23 04:27:04+00:00,https://open.spotify.com/track/2oiixB9QMIzhWaHGVlQx4g,216148,0T4sp7vn9arhvBUAda3foX,0eHQ9o50hj6ZDNBt6Ys1sD
BESO,609E1JCInJncactoMmkDon,RR,ROSALÍA,2023-06-23 04:27:04+00:00,https://open.spotify.com/track/609E1JCInJncactoMmkDon,194543,50uChhk7AKkzDKytDixjYW,7ltDVBr6mKbRvohxheJ9h1
I Wrote The Book,4w9lk0Nyj7kuDxlL5PZVlv,3 Songs At A Time Sampler,Morgan Wallen,2023-06-23 04:27:04+00:00,https://open.spotify.com/track/4w9lk0Nyj7kuDxlL5PZVlv,181766,4N7bPFJ4g18KAzwtjW1mg8,4oUHIQIBe0LHzYfvXNW4QM
Hummingbird (Metro Boomin & James Blake),6HexNTb392JS071DoTGo0y,METRO BOOMIN PRESENTS SPIDER-MAN: ACROSS THE SPIDER-VERSE (SOUNDTRACK FROM AND INSPIRED BY THE MOTION PICTURE),Metro Boomin,2023-06-23 04:27:04+00:00,https://open.spotify.com/track/6HexNTb392JS071DoTGo0y,319493,1bwbZJ6khPJyVpOaqgKsoZ,0iEtIxbK0KxaSlF7G42ZOp
